FirstName;Initials;Lastname;Username;Email;StreetAddress;City;ZipCode;State;Country;Department;Password;Telephone;JobTitle;Company;OU
Max;;Fraser;Max&Fra;;;Budel;;;;IT;Disney2023;;Medewerker;;OU=IT,OU=PFAfdeling,DC=PoliForma,DC=nl
Piers;;Bower;Pie&Bow;;;Budel;;;;IT;Disney2023;;Medewerker;;OU=IT,OU=PFAfdeling,DC=PoliForma,DC=nl
Kylie;;Davidson;Kyl&Dav;;;Budel;;;;IT;Disney2023;;Medewerker;;OU=IT,OU=PFAfdeling,DC=PoliForma,DC=nl
Richard;;Grant;Ric&Gra;;;Budel;;;;IT;Disney2023;;Medewerker;;OU=IT,OU=PFAfdeling,DC=PoliForma,DC=nl
Boris;;Campbell;Bor&Cam;;;Budel;;;;IT;Disney2023;;Medewerker;;OU=IT,OU=PFAfdeling,DC=PoliForma,DC=nl
Nicholas;;Murray;Nic&Mur;;;Budel;;;;IT;Disney2023;;Medewerker;;OU=IT,OU=PFAfdeling,DC=PoliForma,DC=nl
Leonard;;Clark;Leo&Cla;;;Budel;;;;IT;Disney2023;;Medewerker;;OU=IT,OU=PFAfdeling,DC=PoliForma,DC=nl
Ruth;;Dickens;Rut&Dic;;;Budel;;;;IT;Disney2023;;Medewerker;;OU=IT,OU=PFAfdeling,DC=PoliForma,DC=nl
Jonathan;;Fisher;Jon&Fis;;;Budel;;;;IT;Disney2023;;Medewerker;;OU=IT,OU=PFAfdeling,DC=PoliForma,DC=nl
Grace;;Rees;Gra&Ree;;;Budel;;;;IT;Disney2023;;Medewerker;;OU=IT,OU=PFAfdeling,DC=PoliForma,DC=nl
